timestamp;cpu;mem;memperc;pids
13:20:35.847;0.00%;291.1MiB / 7.715GiB;3.68%;24
13:20:37.851;0.00%;291.1MiB / 7.715GiB;3.68%;24
13:20:39.874;11.39%;291.5MiB / 7.715GiB;3.69%;24
13:20:41.868;458.59%;358.8MiB / 7.715GiB;4.54%;53
13:20:43.880;0.00%;282.8MiB / 7.715GiB;3.58%;24
13:20:45.878;474.98%;402.3MiB / 7.715GiB;5.09%;53
13:20:47.929;475.66%;403.4MiB / 7.715GiB;5.11%;53
13:20:49.896;100.33%;329.5MiB / 7.715GiB;4.17%;24
13:20:51.898;0.00%;327.4MiB / 7.715GiB;4.14%;24
13:20:53.913;471.05%;486.5MiB / 7.715GiB;6.16%;53
13:20:55.915;455.27%;487.3MiB / 7.715GiB;6.17%;53
13:20:57.918;470.33%;488.4MiB / 7.715GiB;6.18%;53
13:20:59.924;464.20%;492MiB / 7.715GiB;6.23%;53
13:21:01.927;160.97%;415.2MiB / 7.715GiB;5.26%;24
13:21:03.944;100.01%;418.8MiB / 7.715GiB;5.30%;24
13:21:05.945;5.57%;381.8MiB / 7.715GiB;4.83%;24
13:21:07.947;438.03%;596.8MiB / 7.715GiB;7.55%;53
13:21:09.954;443.45%;597.5MiB / 7.715GiB;7.56%;53
13:21:11.961;454.29%;598.7MiB / 7.715GiB;7.58%;53
13:21:13.975;455.14%;599.4MiB / 7.715GiB;7.59%;53
13:21:15.982;475.56%;600MiB / 7.715GiB;7.60%;53
13:21:17.981;442.95%;601.1MiB / 7.715GiB;7.61%;53
13:21:19.990;439.09%;604.9MiB / 7.715GiB;7.66%;53
13:21:21.995;466.02%;605.3MiB / 7.715GiB;7.66%;53
13:21:24.022;460.85%;606.5MiB / 7.715GiB;7.68%;53
13:21:26.010;457.46%;607.2MiB / 7.715GiB;7.69%;53
13:21:28.015;335.40%;528.6MiB / 7.715GiB;6.69%;24
13:21:30.017;100.62%;530.3MiB / 7.715GiB;6.71%;24
13:21:32.025;99.92%;531.9MiB / 7.715GiB;6.73%;24
13:21:34.032;99.84%;533.9MiB / 7.715GiB;6.76%;24
13:21:36.032;100.39%;536.2MiB / 7.715GiB;6.79%;24
